<?xml version="1.0" encoding="UTF-8"?>
<beans xmlns="http://www.springframework.org/schema/beans"
	xmlns:xsi="http://www.w3.org/2001/XMLSchema-instance" xmlns:p="http://www.springframework.org/schema/p"
	xmlns:tx="http://www.springframework.org/schema/tx" xmlns:context="http://www.springframework.org/schema/context"
	xmlns:task="http://www.springframework.org/schema/task"
	xmlns:ehcache="http://ehcache-spring-annotations.googlecode.com/svn/schema/ehcache-spring"
	xsi:schemaLocation="
			http://www.springframework.org/schema/beans 
			http://www.springframework.org/schema/beans/spring-beans-3.0.xsd
			http://www.springframework.org/schema/tx 
			http://www.springframework.org/schema/tx/spring-tx-3.0.xsd
			http://www.springframework.org/schema/context
			http://www.springframework.org/schema/context/spring-context-3.0.xsd
			http://www.springframework.org/schema/task
			http://www.springframework.org/schema/task/spring-task.xsd
			http://ehcache-spring-annotations.googlecode.com/svn/schema/ehcache-spring
            http://ehcache-spring-annotations.googlecode.com/svn/schema/ehcache-spring/ehcache-spring-1.1.xsd">


	<!-- Activates various annotations to be detected in bean classes -->
	<context:annotation-config />
	<context:component-scan base-package="org.codebone" />
	
	<bean
		class="org.springframework.beans.factory.config.PropertyPlaceholderConfigurer">
		<property name="locations">
			<list>
				<value>classpath:codebone.properties</value>
			</list>
		</property>
	</bean>
	
	<!-- Scans the classpath for annotated components that will be auto-registered 
		as Spring beans. For example @Controller and @Service. Make sure to set the 
		correct base-package -->

	<tx:annotation-driven transaction-manager="transactionManager" />

	<bean id="dataSource"
		class="org.springframework.jdbc.datasource.DriverManagerDataSource">
		<property name="driverClassName" value="com.mysql.jdbc.Driver" />

		<property name="url">
			<value>jdbc:mysql://${codebone.database.host}:${codebone.database.port}/${codebone.database.name}?useUnicode=true&amp;characterEncoding=UTF8
			</value>
		</property>
		<property name="username">
			<value>${codebone.database.username}</value>
		</property>
		<property name="password">
			<value>${codebone.database.password}</value>
		</property>

	</bean>

	<!-- Session Factory -->
	<bean id="sessionFactory"
		class="org.springframework.orm.hibernate3.annotation.AnnotationSessionFactoryBean">

		<property name="dataSource">
			<ref bean="dataSource" />
		</property>

		<property name="hibernateProperties">
			<props>
				<prop key="hibernate.dialect">org.hibernate.dialect.MySQL5InnoDBDialect</prop>
				<prop key="hibernate.show_sql">true</prop>
				<prop key="hibernate.hbm2ddl.auto">update</prop>
				<prop key="hibernate.connection.autocommit">true</prop>
				<prop key="hibernate.connection.release_mode">auto</prop>
			</props>
		</property>

		<property name="packagesToScan">
			<list>
				<value>org.codebone</value>
				<!-- <value>packages</value> -->
			</list>
		</property>

	</bean>

	<!-- Hibernate Transaction Manager -->
	<bean id="transactionManager"
		class="org.springframework.orm.hibernate3.HibernateTransactionManager">
		<property name="sessionFactory" ref="sessionFactory" />
	</bean>

</beans> 
