<?xml version="1.0" encoding="UTF-8"?>
<!DOCTYPE log4j:configuration PUBLIC "-//APACHE//DTD LOG4J 1.2//EN" "log4j.dtd">
<log4j:configuration xmlns:log4j="http://jakarta.apache.org/log4j/">

	<!-- Appenders -->
	<appender name="A1" class="org.apache.log4j.ConsoleAppender">
		<param name="Target" value="System.out" />
		<layout class="org.apache.log4j.PatternLayout">
			<param name="ConversionPattern" value="%d{ISO8601} %-5p [%c.%M] - %m%n" />
		</layout>
	</appender>
	
	<!-- 	
	<logger name="org.hibernate">
		<level value="WARN" />
	</logger>
	<logger name="org.hibernate.hql.ast.AST">
		<level value="WARN" />
	</logger>
	<logger name="org.hibernate.SQL">
		<level value="DEBUG" />
	</logger>
	<logger name="org.hibernate.type">
		<level value="TRACE" />
	</logger>
	<logger name="org.hibernate.type">
		<level value="WARN" />
	</logger>
	<logger name="org.hibernate.tool.hbm2ddl">
		<level value="WARN" />
	</logger>
	<logger name="org.hibernate.hql">
		<level value="INFO" />
	</logger>
	-->
	
	<!-- Root Logger -->
	<root>
		<priority value="debug" />
		<appender-ref ref="A1" />
	</root>
</log4j:configuration>
