<sitemesh>
    <property name="decorators-file" value="/WEB-INF/decorator.xml"/>
    <excludes file="${decorators-file}"/>

    <page-parsers>
        <parser content-type="text/html" class="com.opensymphony.module.sitemesh.parser.HTMLPageParser" />
    </page-parsers>
    <decorator-mappers>
        <mapper class="com.opensymphony.module.sitemesh.mapper.PageDecoratorMapper">
            <param name="decorator" value="navigation" />
            <param name="parameter.name" value="navigation" />
            <param name="parameter.value" value="" />
        </mapper>
        <mapper class="com.opensymphony.module.sitemesh.mapper.FrameSetDecoratorMapper"/>
        <mapper class="com.opensymphony.module.sitemesh.mapper.PrintableDecoratorMapper">
            <param name="decorator" value="printable" />
            <param name="parameter.name" value="printable" />
            <param name="parameter.value" value="true" />
        </mapper>
        <mapper class="com.opensymphony.module.sitemesh.mapper.FileDecoratorMapper"/>
        <mapper class="org.codebone.framework.util.CustomDecoratorMapper">
            <param name="config" value="${decorators-file}" />
        </mapper>
    </decorator-mappers>
</sitemesh>